"A_vs_F_Most_Sig.gene_id","A_vs_F_Most_Sig.log2FoldChange","A_vs_F_Most_Sig.pvalue","A_vs_F_Most_Sig.padj"
"Q0020",-2.096428,9.011147e-08,9.737258e-07
"Q0050",-1.363312,8.035054e-08,8.817707e-07
"Q0055",-2.226099,5.385595e-17,3.713133e-15
"Q0070",8.600507,1.507976e-106,9.565094e-103
"Q0075",-9.115634,6.175912e-76,1.305794e-72
"Q0085",-2.015468,2.724512e-07,2.62638e-06
"Q0120",-1.222809,8.19382e-07,7.090931e-06
"Q0158",-2.011186,7.871092e-13,2.547262e-11
"Q0255",2.932233,1.580326e-13,6.075154e-12
"Q0275",-3.785207,1.313878e-10,2.79662e-09
"YAL001C",0.533789,0.0002019543,0.0009162856
"YAL002W",0.5374003,8.742594e-05,0.0004366478
"YAL008W",-1.259119,7.257034e-05,0.0003709216
"YAL011W",1.909061,6.37426e-21,6.85287e-19
"YAL013W",0.9530375,5.14829e-06,3.576737e-05
"YAL019W",1.451497,5.468053e-13,1.835125e-11
"YAL024C",1.61099,4.252238e-13,1.481975e-11
"YAL028W",-0.9806997,7.775088e-05,0.0003923419
"YAL030W",1.752551,6.4489e-12,1.778494e-10
"YAL035W",1.3718,2.447635e-10,4.77703e-09
"YAL036C",1.399807,7.945286e-06,5.222482e-05
"YAL040C",0.8186135,0.0001310718,0.0006251042
"YAL041W",0.7791251,7.068904e-06,4.695085e-05
"YAL047C",0.9934801,0.0002209444,0.0009911245
"YAL053W",0.9990082,1.00105e-06,8.454937e-06
"YAL055W",1.622382,8.048896e-14,3.381069e-12
"YAL064C-A",-3.309729,3.284173e-05,0.0001840239
"YAR002C-A",1.339831,1.162733e-07,1.229203e-06
"YAR014C",1.03511,6.986697e-09,9.739916e-08
"YAR042W",1.99699,1.057728e-37,6.099246e-35
"YAR061W",-1.57064,4.508317e-05,0.0002439954
"YBL003C",-1.119249,6.068387e-05,0.0003162841
"YBL005W",-1.440017,1.860546e-08,2.396532e-07
"YBL005W-B",1.38881,4.738328e-09,6.909245e-08
"YBL011W",1.017071,2.424523e-09,3.714673e-08
"YBL017C",-0.8953657,9.905458e-07,8.377376e-06
"YBL019W",-1.478509,6.859099e-06,4.579712e-05
"YBL024W",1.047274,1.281438e-05,7.984443e-05
"YBL029W",-0.9426114,1.054218e-05,6.734042e-05
"YBL034C",1.582244,2.481068e-11,6.099774e-10
"YBL037W",-0.9679107,8.576719e-06,5.589746e-05
"YBL041W",-1.215943,3.398135e-16,2.033431e-14
"YBL045C",-1.397095,2.563978e-07,2.490553e-06
"YBL052C",1.516286,1.891185e-13,7.0981e-12
"YBL058W",-0.7807539,3.491675e-05,0.0001939378
"YBL063W",1.191108,1.210609e-07,1.273448e-06
"YBL064C",-1.165626,5.731846e-05,0.0003017187
"YBL079W",0.705061,4.596857e-05,0.0002477303
"YBL089W",-1.045069,2.234139e-06,1.734534e-05
"YBL097W",1.063532,2.815852e-06,2.108731e-05
"YBL102W",-2.274606,8.495503e-08,9.274866e-07
"YBL105C",-0.9861532,2.347221e-09,3.631323e-08
"YBR006W",-1.463279,5.467603e-05,0.0002885275
"YBR030W",1.999736,1.346829e-13,5.372915e-12
"YBR035C",-1.168153,1.874947e-05,0.0001120178
"YBR036C",-1.238856,1.546179e-07,1.584396e-06
"YBR039W",-1.275146,0.0001124698,0.0005470829
"YBR049C",1.234097,2.888579e-10,5.502178e-09
"YBR054W",-2.064016,9.620729e-10,1.605902e-08
"YBR056W",-1.41419,6.913354e-08,7.706749e-07
"YBR059C",-0.9307878,1.413844e-05,8.689937e-05
"YBR067C",-1.807836,2.452601e-06,1.878847e-05
"YBR078W",-1.929971,1.22586e-08,1.631415e-07
"YBR082C",-1.140137,0.0001847228,0.0008509053
"YBR083W",1.128056,3.658886e-07,3.479507e-06
"YBR085W",-2.067098,5.354782e-05,0.00028346
"YBR093C",-2.090372,6.000459e-05,0.0003132585
"YBR096W",-1.133789,1.964157e-05,0.0001167633
"YBR097W",-0.9398926,6.086812e-05,0.0003164643
"YBR104W",-1.921348,9.380459e-09,1.271373e-07
"YBR115C",-1.108387,3.515486e-08,4.199383e-07
"YBR123C",1.09729,9.452227e-11,2.074584e-09
"YBR125C",-1.094404,5.358168e-05,0.00028346
"YBR127C",-1.565982,1.983302e-08,2.521059e-07
"YBR132C",-1.837108,1.166335e-06,9.734293e-06
"YBR139W",-2.127823,5.306259e-14,2.321214e-12
"YBR145W",-2.314465,7.106307e-09,9.841769e-08
"YBR149W",-2.001255,6.537268e-13,2.159682e-11
"YBR150C",-0.9179135,5.823646e-06,3.993447e-05
"YBR153W",-1.650274,5.41727e-05,0.0002863479
"YBR156C",1.566745,1.099723e-06,9.239129e-06
"YBR159W",-1.878491,1.97703e-11,4.937127e-10
"YBR163W",-1.091612,4.760937e-07,4.408559e-06
"YBR169C",1.132199,1.997883e-05,0.000118657
"YBR172C",1.213815,2.713712e-07,2.61995e-06
"YBR177C",1.133146,6.352208e-05,0.0003289147
"YBR184W",2.274582,6.871746e-15,3.459324e-13
"YBR192W",-1.301035,1.036451e-06,8.742298e-06
"YBR196C",-1.293634,0.0001636908,0.0007612103
"YBR198C",0.6993208,1.082981e-05,6.896935e-05
"YBR199W",-0.761793,4.94199e-05,0.000264532
"YBR201W",-1.357149,5.725902e-07,5.181083e-06
"YBR202W",-0.8375561,4.049099e-05,0.0002214089
"YBR204C",-1.641888,1.548567e-06,1.25769e-05
"YBR210W",-1.784987,8.668375e-07,7.430203e-06
"YBR211C",-2.546554,2.574037e-24,4.296609e-22
"YBR212W",-0.919146,7.183764e-07,6.302436e-06
"YBR215W",0.8954391,1.256441e-06,1.037709e-05
"YBR218C",-0.9834375,0.0002077103,0.0009377269
"YBR221C",-1.375587,1.243722e-05,7.780009e-05
"YBR235W",-1.340319,2.939449e-09,4.407696e-08
"YBR238C",-2.067942,5.533756e-12,1.540401e-10
"YBR244W",-1.685925,4.169443e-05,0.000227206
"YBR245C",0.8561784,6.679166e-06,4.473701e-05
"YBR257W",1.185554,1.961151e-08,2.49954e-07
"YBR275C",1.258931,6.823758e-13,2.242647e-11
"YBR286W",-1.268962,1.493991e-08,1.965645e-07
"YBR287W",-1.198438,3.048828e-06,2.267141e-05
"YBR290W",-0.750414,2.218881e-05,0.0001297176
"YBR292C",1.511268,3.896373e-07,3.677782e-06
"YBR297W",-3.315656,8.578318e-19,7.885836e-17
"YBR298C",-1.795843,2.722588e-10,5.217335e-09
"YBR299W",-5.61345,7.096182e-42,5.001231e-39
"YCL014W",0.8565027,1.400487e-07,1.451517e-06
"YCL018W",-1.29465,0.0001966717,0.0008968285
"YCL024W",1.15567,4.250827e-05,0.0002312435
"YCL025C",-1.227028,1.25499e-06,1.037709e-05
"YCL030C",-2.781278,1.681981e-12,5.056307e-11
"YCL038C",-1.701151,3.339286e-08,3.996432e-07
"YCL039W",-0.8971232,0.0001099107,0.0005362798
"YCL040W",-2.779203,1.827041e-21,2.107077e-19
"YCL049C",-1.214473,6.191853e-07,5.523899e-06
"YCL057C-A",1.159799,1.301818e-05,8.095524e-05
"YCL057W",-0.9224323,0.0001492709,0.0007018719
"YCL058C",1.243806,4.088488e-06,2.936951e-05
"YCL061C",1.137656,4.631022e-08,5.439736e-07
"YCR005C",-3.121111,1.2161e-21,1.428467e-19
"YCR007C",-1.260165,0.0002014188,0.000915186
"YCR009C",-0.9517963,8.518396e-06,5.558867e-05
"YCR011C",-0.7292742,2.158867e-05,0.0001265591
"YCR012W",-2.173301,1.944297e-07,1.954465e-06
"YCR015C",-1.49186,6.65385e-06,4.469314e-05
"YCR017C",-1.283711,7.511349e-14,3.176299e-12
"YCR020C",1.723628,7.156587e-09,9.889811e-08
"YCR020C-A",-2.871464,7.291363e-08,8.09967e-07
"YCR025C",1.454128,5.416558e-08,6.224136e-07
"YCR028C",-1.261671,0.0001057235,0.0005178409
"YCR033W",0.6227712,1.279005e-05,7.980494e-05
"YCR041W",-1.019325,0.0001530869,0.0007176867
"YCR044C",-1.212768,7.718124e-05,0.0003901824
"YCR052W",0.9418707,5.94492e-05,0.0003111273
"YCR061W",-2.143459,6.123921e-11,1.399138e-09
"YCR065W",1.571757,4.237838e-07,3.970548e-06
"YCR082W",1.315584,6.720558e-05,0.0003462916
"YCR086W",2.119238,1.270803e-26,2.442638e-24
"YCR093W",-0.987471,2.566128e-09,3.903346e-08
"YCR097W",-1.366492,6.561799e-06,4.435898e-05
"YDL001W",1.109738,6.074119e-11,1.399138e-09
"YDL003W",1.058275,1.159676e-05,7.31923e-05
"YDL005C",0.8547437,4.583802e-05,0.0002472369
"YDL007W",-0.8099827,8.008653e-06,5.253246e-05
"YDL008W",-0.8655091,4.451468e-06,3.176115e-05
"YDL009C",-1.925447,2.51071e-07,2.446304e-06
"YDL021W",-1.321726,5.218384e-05,0.0002767576
"YDL022C-A",2.680873,0.0001237736,0.0005947696
"YDL022W",-1.793394,2.714212e-09,4.099107e-08
"YDL042C",1.464775,1.099419e-07,1.172036e-06
"YDL051W",1.122827,0.0001126145,0.0005473479
"YDL052C",-1.393571,3.386176e-09,5.041905e-08
"YDL053C",0.7561055,5.184502e-05,0.0002756521
"YDL072C",-1.136917,1.503789e-05,9.171664e-05
"YDL074C",0.6906857,2.283672e-06,1.760065e-05
"YDL077C",0.9165417,6.765309e-07,5.976651e-06
"YDL078C",-1.235691,7.64221e-05,0.0003868678
"YDL079C",-1.547692,8.846085e-07,7.562091e-06
"YDL092W",1.154951,2.946339e-09,4.407696e-08
"YDL093W",1.521978,2.538569e-08,3.132712e-07
"YDL101C",1.337448,1.803383e-06,1.440662e-05
"YDL112W",1.099983,2.38475e-07,2.340822e-06
"YDL119C",-1.858849,6.794552e-11,1.539209e-09
"YDL122W",0.9631608,1.382813e-09,2.249022e-08
"YDL123W",-1.635239,7.088412e-10,1.242039e-08
"YDL125C",-1.604562,1.35531e-11,3.466424e-10
"YDL138W",-1.475927,1.340162e-08,1.774666e-07
"YDL140C",-0.5216575,0.0001760223,0.0008149705
"YDL141W",-1.154217,2.448449e-05,0.0001413149
"YDL143W",0.8926372,3.284457e-06,2.425298e-05
"YDL146W",-1.133526,7.086017e-05,0.0003630582
"YDL148C",0.9638664,0.0001793455,0.0008285424
"YDL154W",1.327692,7.905593e-06,5.201782e-05
"YDL160C",-1.091451,2.254504e-05,0.0001314368
"YDL171C",-0.7573731,8.122561e-06,5.322459e-05
"YDL178W",-1.371152,9.046731e-12,2.40098e-10
"YDL181W",1.34044,2.423371e-05,0.0001402504
"YDL184C",-1.313165,0.0001323351,0.0006297087
"YDL185W",-1.6671,1.138424e-13,4.570267e-12
"YDL201W",1.218802,5.177373e-06,3.58908e-05
"YDL204W",-1.510821,1.526549e-05,9.29261e-05
"YDL205C",-1.346246,3.205455e-09,4.784048e-08
"YDL207W",1.076815,1.572292e-10,3.280609e-09
"YDL208W",1.369715,5.066724e-07,4.664475e-06
"YDL213C",1.173598,1.978345e-07,1.982408e-06
"YDL215C",-1.385463,1.951158e-09,3.101803e-08
"YDL225W",0.7907789,8.995799e-07,7.674724e-06
"YDL233W",1.077218,4.106967e-07,3.859332e-06
"YDL238C",-1.467849,3.69105e-05,0.0002042961
"YDL239C",0.7805623,3.374475e-05,0.0001882524
"YDR007W",-1.419636,2.290206e-05,0.000133151
"YDR026C",0.7673616,3.382383e-07,3.235966e-06
"YDR031W",-1.682574,8.663796e-06,5.636355e-05
"YDR042C",1.360055,7.385557e-05,0.0003758898
"YDR044W",-2.178453,6.484523e-08,7.310734e-07
"YDR046C",-0.8204453,2.200029e-08,2.774311e-07
"YDR049W",0.8209888,1.357592e-05,8.409381e-05
"YDR050C",-1.723891,0.0001251506,0.0006004766
"YDR054C",0.9300558,9.416259e-07,7.995627e-06
"YDR060W",1.028665,7.71999e-05,0.0003901824
"YDR066C",-1.591814,2.735054e-05,0.0001557311
"YDR072C",-0.9689598,5.218384e-05,0.0002767576
"YDR077W",-1.113647,1.595965e-06,1.289581e-05
"YDR083W",0.8748352,1.553637e-05,9.412339e-05
"YDR088C",0.7921658,0.0002190577,0.0009853403
"YDR089W",-0.9279004,4.107331e-06,2.94715e-05
"YDR097C",0.9900636,0.0001431238,0.000675472
"YDR105C",-1.016809,7.24042e-06,4.798953e-05
"YDR113C",1.893545,2.397772e-11,5.917925e-10
"YDR116C",1.072344,2.049513e-09,3.230744e-08
"YDR119W-A",-1.897349,8.286561e-09,1.132794e-07
"YDR120C",1.164522,1.229916e-07,1.291616e-06
"YDR121W",1.225219,1.378741e-08,1.821949e-07
"YDR127W",-0.8416591,2.077518e-05,0.0001226974
"YDR131C",-1.341481,9.388182e-06,6.045608e-05
"YDR143C",0.9986215,8.859419e-08,9.589641e-07
"YDR146C",-0.9126887,0.0001061011,0.0005192896
"YDR150W",1.068144,6.114213e-08,6.975262e-07
"YDR159W",0.704337,4.029604e-05,0.000220533
"YDR170C",0.6972172,8.791988e-05,0.0004387693
"YDR172W",0.8203358,0.0001468114,0.0006913324
"YDR173C",-0.7977219,4.522959e-05,0.0002445791
"YDR176W",0.6617103,0.0001133609,0.000549731
"YDR177W",-1.019976,4.944722e-09,7.144504e-08
"YDR180W",0.8728491,5.782024e-05,0.0003041076
"YDR181C",0.8484437,2.645623e-06,2.009723e-05
"YDR200C",0.9320473,2.865356e-07,2.753781e-06
"YDR201W",1.415091,2.529496e-06,1.933083e-05
"YDR207C",1.424607,2.698376e-10,5.186606e-09
"YDR218C",2.32264,1.829164e-13,6.947539e-12
"YDR219C",1.085512,3.151173e-10,5.966535e-09
"YDR223W",1.355688,1.162517e-06,9.71521e-06
"YDR227W",1.456356,8.720973e-22,1.043719e-19
"YDR233C",-1.677,1.339361e-12,4.124063e-11
"YDR243C",1.087637,1.220208e-08,1.629428e-07
"YDR247W",-1.436399,7.389793e-05,0.0003758898
"YDR249C",-1.809508,4.392162e-11,1.035669e-09
"YDR261W-B",-3.757157,1.01701e-20,1.057523e-18
"YDR273W",1.311635,7.043082e-09,9.785304e-08
"YDR275W",-1.427826,4.978051e-06,3.489036e-05
"YDR282C",-1.326407,2.908932e-06,2.173305e-05
"YDR283C",1.019437,2.377288e-10,4.654054e-09
"YDR285W",1.232718,7.25266e-07,6.354091e-06
"YDR288W",-1.451521,1.368934e-05,8.454865e-05
"YDR305C",-1.133116,7.318959e-08,8.115965e-07
"YDR310C",1.418129,2.381418e-09,3.675264e-08
"YDR316W",0.8689614,2.05264e-09,3.230744e-08
"YDR319C",-1.082128,2.924134e-05,0.0001651628
"YDR320C",1.030153,0.0001442886,0.000680463
"YDR325W",1.434072,6.337798e-11,1.440884e-09
"YDR326C",1.128185,2.933968e-12,8.536772e-11
"YDR329C",0.7863828,2.854323e-05,0.0001615073
"YDR351W",0.9797986,2.285252e-09,3.552783e-08
"YDR356W",1.132761,7.551842e-11,1.698629e-09
"YDR357C",-1.402448,1.914253e-05,0.0001141176
"YDR359C",1.188345,2.756123e-09,4.152515e-08
"YDR361C",1.209327,7.334009e-06,4.85591e-05
"YDR363W",1.035862,6.226704e-07,5.547188e-06
"YDR365C",1.021594,5.178982e-05,0.0002755896
"YDR371W",-1.588685,9.839712e-08,1.054279e-06
"YDR374C",3.899807,1.376918e-12,4.219223e-11
"YDR383C",1.007785,9.736656e-06,6.250973e-05
"YDR385W",-1.647673,1.356114e-05,8.408435e-05
"YDR386W",1.088492,5.623938e-07,5.096091e-06
"YDR390C",0.7234212,1.21697e-05,7.627711e-05
"YDR393W",0.8790543,6.969127e-06,4.6434e-05
"YDR404C",-1.409587,0.0001396307,0.0006604607
"YDR405W",1.075211,1.216693e-06,1.011465e-05
"YDR409W",-1.291364,1.267107e-06,1.045157e-05
"YDR420W",0.906921,8.655696e-05,0.0004329896
"YDR430C",-0.6891305,8.737177e-05,0.0004366478
"YDR440W",1.71669,7.497085e-13,2.438667e-11
"YDR444W",0.7905428,0.0001935603,0.0008832757
"YDR446W",1.68203,9.462278e-05,0.0004678038
"YDR449C",-1.644607,4.792403e-06,3.385102e-05
"YDR456W",-1.477108,3.119295e-12,9.034561e-11
"YDR459C",1.589314,1.857171e-10,3.775652e-09
"YDR460W",1.073661,1.577039e-09,2.538872e-08
"YDR463W",0.8655699,1.014452e-07,1.083277e-06
"YDR464W",1.84707,1.253237e-24,2.148454e-22
"YDR476C",-1.277873,5.685926e-05,0.0002997991
"YDR478W",1.785358,7.462171e-15,3.697856e-13
"YDR481C",-1.673124,1.942445e-11,4.889257e-10
"YDR488C",1.078972,1.643646e-05,9.919742e-05
"YDR499W",1.054002,1.226841e-08,1.631415e-07
"YDR502C",-2.211006,5.899268e-07,5.307668e-06
"YDR504C",-1.453126,2.427548e-07,2.372563e-06
"YDR507C",1.486168,2.39138e-07,2.340822e-06
"YDR515W",1.860397,2.62472e-17,1.896624e-15
"YDR516C",-1.176422,0.0001914987,0.0008749706
"YDR520C",0.8110383,7.235692e-05,0.0003704277
"YDR524C",-0.9833064,2.763085e-06,2.076569e-05
"YDR527W",1.433948,9.772838e-08,1.050663e-06
"YDR532C",0.94068,2.934315e-08,3.538471e-07
"YDR533C",1.680251,3.623279e-06,2.641662e-05
"YDR539W",-0.8631784,7.069259e-05,0.0003624924
"YDR541C",-2.877338,9.481733e-10,1.591075e-08
"YEL003W",-2.041141,3.183192e-13,1.127988e-11
"YEL013W",-0.8508331,4.381243e-05,0.0002377265
"YEL017C-A",-1.908735,8.583339e-06,5.589746e-05
"YEL024W",-2.251063,2.413136e-05,0.0001397856
"YEL025C",-1.624754,2.881983e-10,5.502178e-09
"YEL034W",1.267668,2.369344e-05,0.0001373743
"YEL036C",0.9753902,7.565634e-05,0.0003839105
"YEL039C",-1.517193,5.106632e-05,0.0002719678
"YEL040W",-2.459817,4.096098e-10,7.619223e-09
"YEL044W",-1.147919,9.970534e-05,0.0004902566
"YEL046C",-2.23005,5.749674e-11,1.331029e-09
"YEL047C",-1.759167,7.768477e-08,8.539939e-07
"YEL055C",0.9271914,4.522673e-06,3.212465e-05
"YEL062W",-1.088221,1.534198e-05,9.321281e-05
"YEL063C",-1.021905,2.243304e-06,1.73952e-05
"YEL065W",-2.07998,1.957876e-08,2.49954e-07
"YEL071W",-3.94126,1.391593e-29,3.837771e-27
"YEL072W",-1.939402,2.007301e-10,4.054875e-09
"YER006W",1.267275,2.703771e-07,2.614332e-06
"YER009W",-1.564186,2.322436e-07,2.283909e-06
"YER013W",0.5323759,7.006418e-05,0.0003595608
"YER021W",-1.04243,0.0001208429,0.0005824518
"YER025W",0.8247096,6.082716e-05,0.0003164643
"YER029C",1.164375,4.125493e-10,7.651463e-09
"YER030W",0.8468539,2.647437e-05,0.0001512855
"YER032W",1.475784,3.302081e-11,7.903812e-10
"YER033C",0.9066189,2.29682e-06,1.768049e-05
"YER041W",0.7852783,2.437239e-05,0.0001407961
"YER043C",-2.047252,1.393604e-09,2.260775e-08
"YER044C",-1.810028,8.693844e-10,1.47842e-08
"YER046W",-1.970342,1.556456e-08,2.0314e-07
"YER048C",1.052891,1.200283e-09,1.982655e-08
"YER053C",-1.081279,1.151697e-06,9.637487e-06
"YER055C",-1.644568,1.98315e-06,1.564568e-05
"YER058W",1.419169,1.253556e-08,1.663454e-07
"YER060W-A",2.571481,4.519358e-13,1.549529e-11
"YER061C",-1.776789,1.476344e-06,1.205206e-05
"YER064C",1.033612,3.777935e-07,3.571303e-06
"YER066W",-1.50368,4.855629e-07,4.483152e-06
"YER072W",-1.761366,3.610531e-06,2.635396e-05
"YER073W",-0.9200633,0.0001856205,0.0008544203
"YER074W",1.125878,7.272136e-05,0.0003710954
"YER076C",-1.966312,0.0001272931,0.0006089143
"YER078C",-1.622039,7.758813e-11,1.739016e-09
"YER081W",-1.365374,1.775621e-12,5.312624e-11
"YER086W",-1.447736,6.755974e-07,5.976651e-06
"YER091C",-3.302104,2.103172e-09,3.302085e-08
"YER114C",0.8331308,1.884953e-06,1.490805e-05
"YER115C",0.9664182,1.808707e-06,1.441285e-05
"YER119C",-1.641357,1.43397e-13,5.580168e-12
"YER127W",1.079146,0.0001165847,0.0005640706
"YER132C",0.7252575,6.530357e-05,0.0003373458
"YER133W",-0.9498033,4.180848e-05,0.0002276319
"YER137C",3.141437,5.184526e-24,8.432165e-22
"YER138W-A",-2.158777,5.338015e-09,7.608771e-08
"YER141W",-1.307508,1.962762e-09,3.11245e-08
"YER143W",-0.9729505,0.0001115008,0.0005436199
"YER151C",0.8719657,7.610472e-08,8.40997e-07
"YER154W",1.107636,1.070058e-06,9.001825e-06
"YER155C",0.9776941,9.206578e-14,3.792034e-12
"YER158C",1.052267,1.464571e-07,1.512992e-06
"YER164W",0.6850832,0.0001992173,0.0009071324
"YER166W",0.7446551,2.783968e-06,2.089788e-05
"YER167W",1.003055,6.535441e-08,7.324081e-07
"YER170W",1.149408,0.0002065738,0.0009345917
"YER171W",0.774823,2.457799e-06,1.880557e-05
"YER176W",0.5463196,9.649909e-05,0.0004755973
"YER188W",-3.031863,6.916071e-09,9.705451e-08
"YFL008W",1.09956,9.193265e-06,5.938175e-05
"YFL009W",-1.917526,1.641668e-16,1.073516e-14
"YFL023W",1.047986,2.457459e-05,0.000141706
"YFL024C",0.7249123,2.273215e-06,1.756273e-05
"YFL034W",0.7309809,2.437335e-08,3.031375e-07
"YFL040W",1.577589,2.40994e-09,3.710255e-08
"YFL051C",-1.758006,7.343793e-05,0.0003744508
"YFL052W",-3.579846,6.168954e-16,3.493721e-14
"YFL062W",-1.356992,1.48464e-12,4.527439e-11
"YFR006W",0.6275371,3.310332e-06,2.438727e-05
"YFR013W",0.8000055,2.212585e-05,0.0001294689
"YFR015C",-2.147653,2.823263e-15,1.50487e-13
"YFR019W",1.255053,2.293432e-14,1.035783e-12
"YFR020W",-2.542373,1.233218e-09,2.031766e-08
"YFR022W",-1.131908,6.235383e-06,4.234586e-05
"YFR028C",1.027907,1.279546e-05,7.980494e-05
"YFR029W",1.186229,2.617777e-10,5.062365e-09
"YFR031C",1.219501,3.431628e-18,2.981756e-16
"YFR033C",1.27889,5.731204e-06,3.942844e-05
"YFR038W",1.266953,8.999592e-14,3.731007e-12
"YFR053C",-1.984535,1.617865e-12,4.886724e-11
"YFR055W",-2.535243,8.966128e-10,1.508545e-08
"YGL001C",-2.693615,8.102865e-15,3.953575e-13
"YGL012W",1.29533,3.749207e-05,0.0002071535
"YGL023C",1.199108,1.309966e-05,8.13025e-05
"YGL028C",-1.37383,0.0001901641,0.0008709104
"YGL038C",0.7984006,9.790552e-05,0.0004817802
"YGL050W",1.499874,1.269244e-22,1.712939e-20
"YGL054C",-2.243148,3.870746e-08,4.59778e-07
"YGL057C",0.9929123,0.0001551436,0.0007257195
"YGL061C",1.573024,7.30675e-10,1.276769e-08
"YGL064C",-2.772113,1.190124e-22,1.641078e-20
"YGL066W",0.7796225,1.451817e-05,8.897461e-05
"YGL071W",0.8796092,6.242941e-08,7.083895e-07
"YGL075C",2.350867,8.793032e-10,1.483356e-08
"YGL077C",-1.23197,2.153982e-06,1.686754e-05
"YGL078C",1.178284,3.913166e-06,2.827018e-05
"YGL081W",2.04053,8.382482e-16,4.705317e-14
"YGL082W",-2.219345,4.984292e-10,9.032962e-09
"YGL086W",1.081617,4.217617e-15,2.192815e-13
"YGL090W",1.227842,1.299585e-09,2.130044e-08
"YGL092W",1.124291,8.077633e-13,2.600834e-11
"YGL093W",1.628648,7.68623e-12,2.092436e-10
"YGL094C",0.9267202,1.147813e-06,9.617669e-06
"YGL099W",1.211302,1.949322e-09,3.101803e-08
"YGL105W",0.8752319,7.365711e-05,0.0003752667
"YGL108C",1.883447,3.474039e-15,1.821143e-13
"YGL110C",1.148714,1.484601e-10,3.118153e-09
"YGL111W",1.035229,2.561018e-05,0.0001466114
"YGL113W",1.160374,2.253005e-07,2.21907e-06
"YGL120C",1.272199,1.597763e-07,1.629358e-06
"YGL122C",0.578518,3.93159e-06,2.833872e-05
"YGL128C",1.513942,4.048521e-08,4.791002e-07
"YGL131C",0.7419569,2.10797e-07,2.092465e-06
"YGL133W",0.9024641,4.064207e-06,2.926137e-05
"YGL137W",1.112708,6.501792e-08,7.310734e-07
"YGL143C",1.50934,2.331304e-10,4.578161e-09
"YGL161C",-1.144301,5.170604e-06,3.588309e-05
"YGL162W",-2.586068,2.461083e-15,1.322936e-13
"YGL163C",1.489522,7.642866e-10,1.326385e-08
"YGL167C",-0.5903538,0.0001309192,0.0006248463
"YGL170C",6.707363,3.229108e-36,1.28014e-33
"YGL171W",1.902602,9.744389e-14,3.962094e-12
"YGL173C",0.7310315,1.542538e-07,1.583223e-06
"YGL174W",1.88617,1.498162e-12,4.546813e-11
"YGL175C",1.156693,1.797599e-06,1.439618e-05
"YGL180W",1.571531,8.617009e-18,7.007396e-16
"YGL183C",1.884726,9.559238e-07,8.09536e-06
"YGL188C-A",-4.376724,1.568237e-08,2.042572e-07
"YGL195W",0.7257722,3.841829e-06,2.778645e-05
"YGL201C",0.9504093,0.0001665236,0.00077325
"YGL203C",1.163287,6.360086e-09,9.004917e-08
"YGL204C",5.644569,2.302466e-14,1.035783e-12
"YGL207W",1.330524,1.357789e-13,5.382784e-12
"YGL208W",1.359342,1.770496e-05,0.0001063471
"YGL209W",1.604151,1.506001e-06,1.227836e-05
"YGL210W",1.820635,1.070363e-17,8.486641e-16
"YGL216W",1.589105,4.149168e-18,3.55651e-16
"YGL242C",1.310342,1.800188e-10,3.683418e-09
"YGL247W",1.20093,1.361137e-07,1.41536e-06
"YGL248W",1.045326,0.0001811281,0.0008355603
"YGL253W",-1.688958,6.030232e-07,5.402509e-06
"YGL255W",-3.852728,6.132118e-11,1.399138e-09
"YGL256W",-4.098875,3.082453e-16,1.862095e-14
"YGL262W",1.999619,8.396083e-12,2.266228e-10
"YGR001C",1.536056,1.928176e-10,3.907482e-09
"YGR003W",-2.107932,2.893673e-12,8.458327e-11
"YGR005C",0.761674,5.928361e-05,0.0003105169
"YGR009C",1.103837,6.434562e-10,1.144602e-08
"YGR013W",0.9820531,2.616276e-08,3.216093e-07
"YGR014W",1.296899,4.505741e-08,5.302396e-07
"YGR017W",1.218826,5.095082e-07,4.670246e-06
"YGR032W",1.870346,5.212961e-15,2.688277e-13
"YGR033C",1.276328,1.735493e-10,3.574102e-09
"YGR047C",1.581173,1.422843e-14,6.636099e-13
"YGR048W",1.057869,3.305646e-08,3.966544e-07
"YGR066C",2.433465,2.185491e-07,2.159279e-06
"YGR072W",1.45012,3.857503e-14,1.723109e-12
"YGR083C",1.510105,8.514185e-13,2.727549e-11
"YGR091W",1.093135,6.30155e-05,0.0003265583
"YGR093W",1.540555,4.871933e-13,1.661434e-11
"YGR098C",0.8304859,0.0002038238,0.0009228084
"YGR099W",1.247099,9.440386e-08,1.016645e-06
"YGR102C",1.281,2.722739e-08,3.299881e-07
"YGR112W",1.242801,1.373314e-05,8.465435e-05
"YGR113W",1.438629,6.957768e-12,1.910525e-10
"YGR116W",0.6308256,2.158243e-05,0.0001265591
"YGR119C",0.6766782,0.0002016902,0.0009157631
"YGR121C",-1.142656,5.05711e-05,0.0002700105
"YGR131W",-1.045217,5.816926e-05,0.0003056898
"YGR132C",-1.658519,4.547192e-05,0.0002456801
"YGR140W",1.640241,3.047929e-15,1.611085e-13
"YGR145W",1.628141,3.822392e-09,5.625391e-08
"YGR152C",1.455816,1.995794e-09,3.156938e-08
"YGR153W",1.60041,3.991395e-08,4.732227e-07
"YGR159C",1.215499,9.508018e-05,0.0004696991
"YGR167W",0.8803142,4.863846e-06,3.416542e-05
"YGR169C-A",1.059537,4.460754e-06,3.177261e-05
"YGR174C",1.769492,1.013086e-08,1.364332e-07
"YGR175C",-1.302322,1.249283e-05,7.807095e-05
"YGR179C",1.943748,2.248611e-13,8.103944e-12
"YGR181W",2.038231,3.022402e-06,2.250129e-05
"YGR184C",1.618734,1.831144e-36,8.934574e-34
"YGR186W",1.327521,5.654123e-16,3.260373e-14
"YGR187C",2.219841,7.000983e-17,4.724174e-15
"YGR188C",1.104933,4.453003e-08,5.250074e-07
"YGR196C",1.911398,6.908837e-29,1.685491e-26
"YGR197C",-0.8717654,0.0001561399,0.0007293043
"YGR199W",0.9441557,3.296823e-06,2.431599e-05
"YGR200C",0.9484806,8.766059e-06,5.69704e-05
"YGR203W",-1.888332,1.292527e-05,8.045635e-05
"YGR205W",-2.031161,9.151293e-09,1.245125e-07
"YGR212W",-1.437898,2.155154e-05,0.0001265591
"YGR215W",1.19818,8.785283e-10,1.483356e-08
"YGR222W",-2.463677,5.267098e-22,6.550824e-20
"YGR225W",1.344307,1.595357e-06,1.289581e-05
"YGR227W",-1.176013,2.539159e-05,0.0001456229
"YGR238C",0.9856038,5.371018e-08,6.183007e-07
"YGR239C",1.452844,7.016595e-07,6.172852e-06
"YGR245C",1.169817,6.088298e-06,4.148021e-05
"YGR246C",0.8960563,6.492776e-08,7.310734e-07
"YGR247W",-1.723973,0.0001614899,0.0007515265
"YGR251W",1.966798,7.3323e-14,3.121395e-12
"YGR252W",1.304307,4.666947e-08,5.461796e-07
"YGR255C",-1.523324,1.847318e-07,1.86585e-06
"YGR270W",1.425025,1.104906e-19,1.078218e-17
"YGR274C",1.430599,1.243259e-19,1.194847e-17
"YGR278W",1.738079,2.070774e-17,1.581564e-15
"YGR280C",1.897152,1.396078e-11,3.556355e-10
"YGR283C",1.55007,5.381722e-11,1.25501e-09
"YGR285C",1.322536,4.785897e-08,5.590598e-07
"YGR287C",-3.721238,3.380877e-18,2.978458e-16
"YGR288W",-2.931928,5.863383e-24,9.29786e-22
"YGR289C",-5.544941,5.564748e-28,1.307304e-25
"YGR292W",-4.490245,2.04991e-10,4.113537e-09
"YHL007C",0.7148606,0.0001371242,0.0006490887
"YHL010C",1.433474,4.213046e-17,2.981364e-15
"YHL021C",-2.153933,1.910623e-05,0.0001140083
"YHL031C",1.26255,1.376693e-05,8.478021e-05
"YHL035C",-0.9805794,2.646973e-08,3.235019e-07
"YHL036W",-2.389032,4.924487e-12,1.394465e-10
"YHL040C",-1.806177,2.87761e-06,2.152438e-05
"YHL043W",-2.946557,1.286004e-12,3.998591e-11
"YHL044W",-1.466673,3.432044e-05,0.0001911278
"YHL047C",-1.615692,4.336186e-07,4.050725e-06
"YHL050C",-1.882344,7.703851e-08,8.483599e-07
"YHR003C",-6.056949,1.624761e-64,2.576465e-61
"YHR014W",1.745594,4.763362e-05,0.0002560509
"YHR015W",1.338763,7.423637e-05,0.0003773087
"YHR018C",-1.456622,7.999894e-06,5.252932e-05
"YHR023W",1.078775,2.248525e-09,3.512905e-08
"YHR026W",-1.458775,1.927116e-05,0.0001147765
"YHR031C",1.120368,5.89613e-07,5.307668e-06
"YHR032W",1.306213,7.023108e-08,7.815364e-07
"YHR033W",1.311258,0.0002125153,0.0009573756
"YHR035W",1.142285,1.549088e-05,9.393751e-05
"YHR039C",-1.858535,3.777014e-07,3.571303e-06
"YHR046C",-3.036906,2.400418e-08,2.997215e-07
"YHR063C",-1.564036,1.867368e-07,1.883103e-06
"YHR066W",1.144683,0.0002176274,0.0009797092
"YHR071W",1.186285,2.65276e-06,2.012734e-05
"YHR074W",-1.48497,4.345566e-07,4.053518e-06
"YHR077C",0.8538547,2.254079e-06,1.743613e-05
"YHR079C",0.8734461,1.17874e-06,9.812007e-06
"YHR081W",1.222617,1.531839e-07,1.57479e-06
"YHR088W",1.023811,8.875432e-05,0.000441544
"YHR089C",1.023578,0.0001248143,0.0005993165
"YHR090C",0.833229,2.2332e-05,0.0001304345
"YHR103W",1.362818,5.5344e-22,6.750903e-20
"YHR107C",1.057743,6.127848e-11,1.399138e-09
"YHR110W",0.8160349,5.832943e-05,0.0003062778
"YHR112C",-1.413984,8.4338e-07,7.258561e-06
"YHR117W",0.9030823,6.847548e-06,4.576818e-05
"YHR119W",1.415922,2.415523e-21,2.736012e-19
"YHR127W",0.9457979,0.0001123288,0.0005468163
"YHR129C",1.201657,0.0001120607,0.0005459301
"YHR136C",-4.068756,6.409567e-13,2.12858e-11
"YHR143W",-2.042446,9.261072e-06,5.975888e-05
"YHR150W",0.8141346,4.952288e-05,0.0002646366
"YHR153C",2.055252,8.205302e-07,7.090931e-06
"YHR154W",1.642105,2.712534e-09,4.099107e-08
"YHR159W",1.248508,3.546517e-09,5.24372e-08
"YHR161C",-1.188961,6.712274e-06,4.491134e-05
"YHR164C",0.733551,8.057273e-05,0.0004046499
"YHR165C",0.4541573,0.0001720911,0.0007973514
"YHR167W",-1.476631,1.008578e-08,1.361151e-07
"YHR169W",1.106459,8.061909e-07,7.005026e-06
"YHR171W",-2.222019,1.626755e-09,2.61228e-08
"YHR180W",-3.120736,5.064472e-13,1.711994e-11
"YHR182W",0.9497659,6.397931e-07,5.691736e-06
"YHR183W",-1.238946,3.978378e-05,0.0002181059
"YHR190W",-1.299357,9.561681e-06,6.144857e-05
"YHR192W",0.7561013,1.208432e-05,7.596713e-05
"YHR195W",-1.332085,7.726429e-07,6.731969e-06
"YHR196W",0.8695132,7.733574e-05,0.0003905578
"YHR204W",-1.247311,0.000159413,0.0007424057
"YHR211W",-2.000911,5.885026e-07,5.307668e-06
"YHR214C-E",-3.956916,1.272762e-10,2.718226e-09
"YHR216W",-2.339962,4.407545e-13,1.519405e-11
"YIL005W",0.893531,1.144692e-09,1.895766e-08
"YIL009C-A",2.050227,1.234896e-06,1.023914e-05
"YIL013C",1.428668,8.151142e-09,1.116689e-07
"YIL014W",1.871449,2.4844e-22,3.21603e-20
"YIL019W",1.546843,2.42376e-09,3.714673e-08
"YIL023C",1.15771,4.463093e-06,3.177261e-05
"YIL026C",1.004845,2.522775e-05,0.0001448142
"YIL031W",0.7769597,3.687016e-07,3.495776e-06
"YIL035C",0.617491,6.986232e-06,4.649913e-05
"YIL044C",1.365441,1.208408e-07,1.273244e-06
"YIL059C",-2.162832,4.705185e-07,4.363302e-06
"YIL060W",-1.866793,2.084588e-10,4.158031e-09
"YIL063C",1.050668,1.485511e-09,2.397607e-08
"YIL064W",1.715744,5.987584e-10,1.075899e-08
"YIL069C",-2.807908,2.631293e-17,1.896624e-15
"YIL073C",1.419108,2.494971e-05,0.0001434778
"YIL075C",1.117549,6.524742e-09,9.196986e-08
"YIL088C",-1.899902,5.536994e-12,1.540401e-10
"YIL091C",1.498673,6.707774e-08,7.503952e-07
"YIL092W",0.8465444,9.589081e-05,0.000473335
"YIL095W",0.8467434,2.745633e-05,0.0001561933
"YIL099W",1.621724,2.63481e-08,3.232611e-07
"YIL101C",1.537343,1.30151e-07,1.360046e-06
"YIL110W",-1.45252,1.204152e-05,7.577319e-05
"YIL112W",0.9893721,1.339075e-09,2.183484e-08
"YIL115C",0.8983245,6.738405e-10,1.187269e-08
"YIL126W",1.076004,2.772916e-13,9.937066e-12
"YIL127C",1.936142,4.015281e-11,9.538924e-10
"YIL131C",1.922918,3.918007e-13,1.373034e-11
"YIL132C",1.333464,4.750559e-05,0.0002555793
"YIL138C",1.912606,3.403267e-26,6.349095e-24
"YIL144W",1.007876,2.938537e-11,7.087126e-10
"YIL147C",0.8642419,5.587221e-06,3.852146e-05
"YIL149C",0.9120275,1.825355e-09,2.923794e-08
"YIL150C",1.097221,2.182527e-06,1.704897e-05
"YIL151C",1.020747,8.795195e-08,9.536397e-07
"YIL152W",1.150882,0.0001322987,0.0006297087
"YIL159W",1.139635,5.170391e-08,5.984633e-07
"YIL161W",1.540266,2.047407e-13,7.506765e-12
"YIL162W",-2.537128,7.033306e-15,3.512776e-13
"YIL166C",-1.879892,8.786934e-08,9.536397e-07
"YIL169C",-1.547654,1.65798e-05,9.987244e-05
"YIL177C",1.420299,2.147289e-05,0.0001263834
"YIR002C",1.577725,1.293572e-23,1.953602e-21
"YIR005W",-1.808654,2.6626e-06,2.017787e-05
"YIR010W",2.42226,3.55435e-27,7.774222e-25
"YIR016W",-1.976165,1.808329e-06,1.441285e-05
"YIR019C",2.555781,5.074175e-13,1.711994e-11
"YIR024C",0.8950839,2.80818e-06,2.105471e-05
"YIR038C",1.342427,2.087187e-05,0.0001231537
"YIR039C",-1.232228,0.0001237062,0.0005947696
"YIR043C",-1.771836,8.80049e-06,5.707721e-05
"YJL002C",-1.11645,3.32064e-05,0.0001859031
"YJL003W",-1.696454,4.699084e-06,3.330311e-05
"YJL004C",-2.009446,5.220815e-06,3.615243e-05
"YJL005W",-0.9412133,2.8511e-09,4.285432e-08
"YJL008C",-0.8615365,0.0002036167,0.0009225291
"YJL012C",-1.570707,2.015528e-06,1.586165e-05
"YJL013C",1.225641,2.664563e-07,2.580355e-06
"YJL014W",0.8344404,3.993002e-07,3.76339e-06
"YJL029C",1.299313,2.081e-20,2.062466e-18
"YJL033W",1.449325,1.704371e-07,1.732504e-06
"YJL038C",1.688055,4.623728e-05,0.000248967
"YJL046W",-1.228067,0.0001889134,0.000866917
"YJL050W",1.020632,0.0001581007,0.0007379195
"YJL053W",-1.934553,1.518008e-08,1.985304e-07
"YJL060W",-1.526181,3.678942e-05,0.0002038037
"YJL070C",-1.063722,3.816927e-05,0.0002099807
"YJL074C",1.398465,1.530701e-10,3.204369e-09
"YJL078C",-2.011473,6.993781e-10,1.228852e-08
"YJL082W",-1.197398,1.574533e-05,9.520748e-05
"YJL084C",1.047105,1.068784e-08,1.436291e-07
"YJL088W",3.65808,2.518199e-11,6.167156e-10
"YJL092W",1.90507,3.611116e-48,3.272187e-45
"YJL095W",0.650385,3.34736e-05,0.0001869041
"YJL098W",1.64853,3.863178e-09,5.672254e-08
"YJL101C",-2.165178,1.56774e-27,3.551492e-25
"YJL102W",1.625015,1.18892e-10,2.573828e-09
"YJL103C",1.151748,1.216728e-05,7.627711e-05
"YJL104W",1.032365,3.325766e-05,0.0001860259
"YJL107C",1.259927,1.132916e-05,7.16459e-05
"YJL113W",-2.627147,3.105702e-06,2.30134e-05
"YJL115W",1.38482,8.257562e-08,9.046238e-07
"YJL122W",1.307792,2.463757e-05,0.0001419401
"YJL123C",1.097355,7.87698e-10,1.361408e-08
"YJL126W",-1.462585,5.297173e-05,0.0002807015
"YJL129C",0.9316764,7.032346e-06,4.675699e-05
"YJL133C-A",-2.034207,6.487397e-10,1.149429e-08
"YJL148W",1.370789,7.137318e-06,4.735566e-05
"YJL159W",-1.941581,9.815533e-12,2.583399e-10
"YJL161W",-2.190313,7.331622e-08,8.115965e-07
"YJL162C",1.634287,1.606424e-15,8.784092e-14
"YJL166W",-1.975774,0.0001590149,0.000741641
"YJL167W",-1.857713,9.167163e-09,1.245125e-07
"YJL168C",1.010244,2.719057e-06,2.055933e-05
"YJL171C",-1.812524,1.041448e-05,6.659178e-05
"YJL174W",1.558447,8.637124e-12,2.32141e-10
"YJL176C",1.216609,1.795614e-13,6.861192e-12
"YJL183W",1.151394,4.759151e-11,1.118048e-09
"YJL184W",1.152871,2.250178e-06,1.74272e-05
"YJL187C",1.507496,3.340148e-10,6.286812e-09
"YJL196C",-1.590625,2.674759e-05,0.0001525719
"YJL199C",-3.097582,4.94727e-10,8.991557e-09
"YJL206C",-1.30098,1.918225e-08,2.45804e-07
"YJL212C",-0.9728794,8.897074e-05,0.0004422738
"YJL214W",-2.203861,1.976925e-06,1.561598e-05
"YJL218W",-1.961619,6.855365e-05,0.0003526649
"YJL221C",-21.38647,3.74012e-12,1.073465e-10
"YJR002W",1.235801,2.21513e-08,2.782291e-07
"YJR006W",1.002592,1.628819e-06,1.312783e-05
"YJR009C",-1.887537,2.842569e-05,0.000161128
"YJR010W",-1.123227,2.279128e-05,0.0001327503
"YJR011C",-1.270725,2.325347e-05,0.0001349467
"YJR016C",-1.801021,5.058799e-06,3.526627e-05
"YJR030C",-3.702905,2.708486e-36,1.227138e-33
"YJR041C",0.7941387,7.271442e-05,0.0003710954
"YJR042W",-0.9593573,5.505633e-06,3.804164e-05
"YJR045C",-0.9979048,0.0001142517,0.0005532049
"YJR049C",-0.8740372,8.954961e-06,5.796053e-05
"YJR053W",1.16149,4.948838e-05,0.0002646366
"YJR054W",1.273728,1.251233e-10,2.690363e-09
"YJR060W",1.428922,1.584193e-10,3.294603e-09
"YJR061W",1.575125,1.713979e-11,4.348708e-10
"YJR062C",-3.479066,2.758625e-33,8.332361e-31
"YJR072C",1.577574,1.306086e-14,6.136671e-13
"YJR076C",1.368234,1.22988e-16,8.126174e-15
"YJR082C",1.747562,2.524585e-08,3.121529e-07
"YJR089W",0.9465195,8.676352e-08,9.439812e-07
"YJR090C",-1.487674,1.920236e-14,8.762633e-13
"YJR091C",-1.501117,1.496779e-08,1.965645e-07
"YJR103W",-0.858777,3.551328e-06,2.595169e-05
"YJR107C-A",-1.257949,4.203413e-07,3.94412e-06
"YJR109C",-1.260441,3.458532e-06,2.535013e-05
"YJR112W",2.51737,5.080472e-11,1.18913e-09
"YJR116W",-1.841465,2.527584e-07,2.458967e-06
"YJR117W",-0.9339701,9.461507e-05,0.0004678038
"YJR121W",-1.818793,5.036025e-08,5.859847e-07
"YJR124C",-2.055246,2.595666e-08,3.196953e-07
"YJR126C",-1.001596,3.359809e-06,2.472305e-05
"YJR134C",0.5939447,8.205492e-07,7.090931e-06
"YJR137C",-1.133154,4.148559e-05,0.0002262623
"YJR138W",0.9110501,4.758115e-06,3.368384e-05
"YJR140C",0.7017689,3.344987e-05,0.0001869041
"YJR155W",2.118763,6.143751e-05,0.0003189019
"YJR161C",-2.217867,2.136081e-11,5.308337e-10
"YKL008C",-1.200774,4.326954e-05,0.0002349817
"YKL012W",1.042166,4.415898e-10,8.095387e-09
"YKL028W",1.231919,3.295885e-11,7.903812e-10
"YKL033W",1.139369,9.753713e-10,1.623827e-08
"YKL035W",-1.094455,0.0001891555,0.000866917
"YKL043W",-1.755724,5.979068e-16,3.416687e-14
"YKL047W",-0.9567773,0.0001591527,0.0007417381
"YKL049C",1.398343,3.254306e-10,6.143471e-09
"YKL050C",1.963278,1.056011e-15,5.875685e-14
"YKL051W",-1.512671,7.653429e-10,1.326385e-08
"YKL054C",1.427927,1.409246e-13,5.517807e-12
"YKL063C",0.6628616,3.425228e-05,0.0001909158
"YKL070W",1.748332,2.670744e-05,0.00015248
"YKL072W",-0.909296,2.057697e-05,0.0001218672
"YKL089W",1.05717,2.068977e-06,1.62219e-05
"YKL091C",-1.345439,3.028145e-05,0.0001708854
"YKL096W-A",1.959375,0.0001538422,0.0007201632
"YKL099C",1.057949,3.488507e-05,0.0001939316
"YKL101W",1.502559,8.108229e-10,1.390013e-08
"YKL108W",-1.552851,1.507408e-08,1.975515e-07
"YKL110C",0.7740266,2.055514e-06,1.613629e-05
"YKL112W",1.219077,2.240925e-05,0.0001307653
"YKL113C",1.823693,1.809729e-11,4.573352e-10
"YKL114C",0.8365794,2.727951e-06,2.05862e-05
"YKL135C",-0.912475,2.290104e-05,0.000133151
"YKL137W",-1.446515,1.46833e-05,8.972654e-05
"YKL139W",1.214771,1.164352e-08,1.55812e-07
"YKL140W",-1.03732,5.728891e-06,3.942844e-05
"YKL148C",-1.328097,4.889761e-05,0.0002624006
"YKL149C",1.009027,5.392931e-07,4.893757e-06
"YKL150W",-2.300372,2.819242e-13,1.004632e-11
"YKL151C",-2.441527,4.207286e-11,9.957766e-10
"YKL173W",0.6071479,0.0001719277,0.0007971765
"YKL174C",-1.034198,4.000019e-05,0.000219103
"YKL176C",-0.7841816,6.076819e-06,4.144652e-05
"YKL184W",-1.746221,2.178552e-10,4.304847e-09
"YKL188C",-1.161403,9.354772e-07,7.954064e-06
"YKL189W",-1.277881,2.510357e-05,0.0001442319
"YKL198C",-0.9997089,8.554194e-05,0.0004282498
"YKL201C",1.677846,1.376647e-17,1.078033e-15
"YKL206C",-1.322193,3.839948e-06,2.778645e-05
"YKL212W",-1.656446,4.771119e-09,6.92522e-08
"YKL213C",-1.390572,2.863019e-11,6.931346e-10
"YKL216W",1.015167,2.703821e-05,0.0001540911
"YKL219W",-2.59501,1.19191e-14,5.642004e-13
"YKL220C",-1.909816,4.831839e-08,5.633889e-07
"YKL221W",-1.783403,8.852241e-05,0.0004410489
"YKL222C",-1.383719,1.715719e-10,3.556472e-09
"YKR001C",0.6859246,6.169408e-06,4.194271e-05
"YKR002W",1.029287,1.102175e-10,2.402438e-09
"YKR010C",1.064396,8.519345e-08,9.284915e-07
"YKR015C",2.790119,2.41044e-17,1.798755e-15
"YKR019C",0.9940181,8.811074e-07,7.542327e-06
"YKR021W",-1.177871,6.662304e-06,4.469314e-05
"YKR022C",0.7258953,6.123943e-05,0.0003181341
"YKR023W",0.6871133,1.198091e-05,7.546663e-05
"YKR029C",0.8973141,9.135984e-13,2.883062e-11
"YKR037C",1.620098,1.130322e-10,2.455353e-09
"YKR041W",1.194043,1.844033e-05,0.0001104504
"YKR046C",-1.665921,2.429884e-08,3.028045e-07
"YKR050W",1.226168,1.771084e-08,2.292651e-07
"YKR054C",1.225903,5.909092e-12,1.636741e-10
"YKR056W",0.8989299,0.0001210105,0.0005828168
"YKR058W",-1.198893,3.851577e-05,0.00021152
"YKR063C",0.7357469,0.0002191889,0.0009853403
"YKR071C",0.9839744,5.964295e-09,8.463427e-08
"YKR074W",-2.631221,1.569376e-22,2.073864e-20
"YKR081C",1.254787,6.656879e-06,4.469314e-05
"YKR086W",0.7756908,4.821264e-06,3.394149e-05
"YKR089C",-0.6906581,0.00010368,0.0005090111
"YKR090W",1.027469,0.0001370876,0.0006490887
"YKR092C",0.8558211,0.000120666,0.0005820412
"YKR093W",-1.419306,7.924458e-10,1.365892e-08
"YKR095W",1.030008,6.903421e-13,2.257134e-11
"YKR102W",-2.896168,4.768102e-09,6.92522e-08
"YLL001W",-1.089122,9.957895e-08,1.065142e-06
"YLL004W",1.074857,7.850375e-05,0.0003951979
"YLL006W",-0.9293834,0.0001878683,0.0008635137
"YLL006W-A",1.408325,4.781476e-05,0.000256807
"YLL008W",1.34893,1.01921e-05,6.536753e-05
"YLL014W",-1.605274,3.182579e-05,0.0001789636
"YLL015W",-1.009863,1.72478e-10,3.563608e-09
"YLL021W",1.450528,1.089247e-11,2.84325e-10
"YLL022C",1.892285,1.735918e-14,8.037172e-13
"YLL031C",-1.150157,3.810126e-06,2.7621e-05
"YLL034C",1.349685,8.063421e-11,1.794606e-09
"YLL036C",1.308374,8.386904e-15,4.060926e-13
"YLL038C",-1.491287,2.719419e-06,2.055933e-05
"YLL046C",3.398367,1.164316e-23,1.801282e-21
"YLL062C",-1.538675,1.106429e-05,7.025105e-05
"YLL066C",-1.529845,5.707264e-08,6.534508e-07
"YLR002C",0.951177,5.924019e-05,0.0003105169
"YLR003C",1.398555,1.255748e-11,3.237891e-10
"YLR014C",0.9819292,6.116968e-06,4.163082e-05
"YLR015W",0.9319603,8.319405e-07,7.169835e-06
"YLR019W",1.027986,9.532876e-06,6.132559e-05
"YLR030W",1.838569,1.454144e-05,8.903122e-05
"YLR032W",1.75693,1.809792e-16,1.171379e-14
"YLR033W",0.9802098,5.31592e-08,6.141873e-07
"YLR034C",-2.849058,6.771361e-35,2.386152e-32
"YLR045C",1.474186,6.014761e-14,2.595349e-12
"YLR053C",-2.213404,7.643836e-08,8.432149e-07
"YLR068W",1.324413,5.046131e-06,3.525067e-05
"YLR069C",-1.015717,5.084274e-05,0.0002710046
"YLR086W",1.298182,1.488898e-13,5.758586e-12
"YLR089C",-1.915236,3.830889e-16,2.270966e-14
"YLR090W",-1.33697,2.919408e-07,2.801483e-06
"YLR093C",-1.165948,7.723529e-09,1.062697e-07
"YLR095C",1.159217,3.815389e-09,5.625391e-08
"YLR096W",0.6798684,0.0001087711,0.000531128
"YLR099W-A",1.302184,0.0001464363,0.0006900782
"YLR100W",-1.601173,1.73251e-08,2.247302e-07
"YLR103C",1.450129,1.315655e-06,1.082386e-05
"YLR106C",1.515934,5.527e-11,1.284167e-09
"YLR113W",-1.16426,3.223548e-07,3.088665e-06
"YLR115W",0.7538366,8.971419e-06,5.800786e-05
"YLR121C",1.924009,2.09575e-07,2.086617e-06
"YLR134W",-1.770472,0.0001368199,0.0006486164
"YLR143W",-0.9108924,0.0001129728,0.0005482679
"YLR144C",-1.075374,4.541877e-06,3.222498e-05
"YLR145W",1.167977,6.545244e-07,5.814633e-06
"YLR148W",-0.9842816,6.607167e-07,5.861435e-06
"YLR151C",1.364369,2.189784e-07,2.160156e-06
"YLR152C",-1.805677,1.196592e-10,2.581627e-09
"YLR153C",-1.807775,6.696318e-10,1.183141e-08
"YLR172C",1.154542,2.489622e-08,3.084311e-07
"YLR173W",-1.59436,2.098338e-07,2.086617e-06
"YLR180W",-1.737226,5.875071e-05,0.0003082347
"YLR182W",0.7014671,4.159607e-06,2.977922e-05
"YLR187W",0.9098608,7.826945e-05,0.0003945069
"YLR192C",0.917971,2.1479e-05,0.0001263834
"YLR194C",1.684308,1.360969e-05,8.422076e-05
"YLR204W",1.134947,2.483497e-08,3.082744e-07
"YLR206W",-1.017807,1.970017e-07,1.977186e-06
"YLR210W",1.20538,3.219646e-06,2.380212e-05
"YLR224W",1.09816,2.17117e-06,1.698117e-05
"YLR237W",-1.393263,1.348112e-07,1.404117e-06
"YLR251W",-2.525991,2.773216e-07,2.669273e-06
"YLR260W",1.452166,2.545077e-09,3.880631e-08
"YLR263W",1.266947,3.437933e-09,5.10698e-08
"YLR272C",1.811631,5.697483e-15,2.914447e-13
"YLR275W",-1.311259,0.0001179077,0.000570037
"YLR276C",1.139087,6.041028e-05,0.0003151171
"YLR277C",0.9569157,6.906744e-09,9.705451e-08
"YLR292C",0.8127786,2.555407e-06,1.948191e-05
"YLR304C",-2.198062,7.343277e-18,6.128738e-16
"YLR309C",0.9071548,7.056844e-12,1.929378e-10
"YLR321C",0.9603124,1.433459e-05,8.793455e-05
"YLR326W",1.005584,3.156243e-05,0.000177956
"YLR335W",1.092067,1.068119e-17,8.486641e-16
"YLR336C",1.006484,2.098789e-07,2.086617e-06
"YLR343W",1.860063,5.182822e-10,9.365995e-09
"YLR345W",-1.414961,1.173811e-07,1.238849e-06
"YLR347C",-1.132469,0.0001763455,0.0008158712
"YLR348C",-1.135552,6.648543e-06,4.469314e-05
"YLR353W",1.959671,1.640277e-17,1.268814e-15
"YLR355C",-1.601003,6.757015e-07,5.976651e-06
"YLR363W-A",1.740721,1.704038e-06,1.369926e-05
"YLR368W",0.7915533,1.081547e-05,6.894728e-05
"YLR370C",-1.4273,0.0001068518,0.0005225606
"YLR376C",0.9410673,0.0001139658,0.0005522423
"YLR383W",1.534006,4.369922e-16,2.542974e-14
"YLR389C",-1.295861,9.403589e-12,2.48529e-10
"YLR394W",1.429293,6.442107e-10,1.144602e-08
"YLR399C",1.199335,9.362976e-14,3.831571e-12
"YLR401C",1.183762,3.486343e-05,0.0001939316
"YLR407W",1.557389,1.376618e-07,1.429114e-06
"YLR410W",-0.6845695,2.060891e-05,0.0001219425
"YLR410W-B",-3.837151,2.501809e-10,4.867784e-09
"YLR411W",-1.158497,4.283675e-05,0.0002328308
"YLR412C-A",1.45971,1.116537e-05,7.082193e-05
"YLR422W",-1.573795,2.967052e-21,3.301756e-19
"YLR427W",1.360006,4.342387e-17,3.026787e-15
"YLR430W",1.380656,8.834588e-13,2.80189e-11
"YLR433C",0.7417953,0.0001429292,0.0006750559
"YLR440C",-0.9716781,0.0001490586,0.0007013936
"YLR442C",0.8702112,1.706821e-08,2.218518e-07
"YLR446W",-1.356504,2.882047e-05,0.0001629307
"YLR447C",-0.9285122,5.955205e-06,4.066078e-05
"YLR449W",1.227505,2.390792e-07,2.340822e-06
"YLR450W",-1.356173,2.065137e-13,7.528255e-12
"YLR451W",0.8998888,1.666966e-06,1.341823e-05
"YLR454W",-0.7218194,5.931209e-06,4.054058e-05
"YLR455W",1.323344,1.429631e-10,3.012674e-09
"YLR456W",-1.414009,4.088925e-05,0.0002232018
"YLR459W",-1.977948,4.590215e-09,6.724188e-08
"YML003W",-1.471835,5.218368e-05,0.0002767576
"YML009C",1.670512,2.301956e-10,4.534568e-09
"YML012W",0.6166447,0.0001324636,0.0006298477
"YML015C",1.630322,1.833961e-16,1.175032e-14
"YML042W",-1.524499,0.0002193649,0.0009854332
"YML045W",-24.09674,8.154884e-11,1.808616e-09
"YML049C",1.144239,1.418503e-10,2.999189e-09
"YML052W",-1.81314,5.91938e-07,5.318219e-06
"YML053C",0.9199426,0.0001671121,0.0007754148
"YML061C",0.9333014,4.99152e-06,3.494615e-05
"YML065W",1.42269,4.646328e-14,2.046643e-12
"YML071C",1.082757,5.204632e-09,7.45214e-08
"YML074C",0.8607984,6.56678e-06,4.435898e-05
"YML075C",-1.462908,2.02595e-05,0.0001200991
"YML083C",-2.942755,5.659982e-13,1.88954e-11
"YML086C",-1.501667,2.228806e-06,1.732514e-05
"YML087C",-5.410224,3.142348e-36,1.28014e-33
"YML097C",1.297445,1.047856e-13,4.23347e-12
"YML098W",1.226829,1.336177e-09,2.183484e-08
"YML104C",1.255825,5.149349e-09,7.389666e-08
"YML109W",1.210412,1.018426e-09,1.691067e-08
"YML114C",0.7270095,6.417177e-06,4.348735e-05
"YML117W",0.7766932,1.712959e-05,0.0001030863
"YML121W",-1.915037,4.101061e-07,3.859332e-06
"YML123C",-5.444946,3.804269e-36,1.41944e-33
"YML126C",-1.302775,7.866627e-05,0.000395702
"YMR003W",1.091159,7.412051e-06,4.897358e-05
"YMR004W",0.8557145,2.16741e-05,0.0001269426
"YMR005W",1.776269,2.256227e-18,2.044464e-16
"YMR006C",-1.742183,1.075144e-08,1.441784e-07
"YMR008C",-2.056428,2.142416e-11,5.308337e-10
"YMR014W",1.392345,1.246376e-07,1.306738e-06
"YMR015C",-1.90284,1.073246e-05,6.848692e-05
"YMR024W",-0.9673459,9.098959e-05,0.0004518486
"YMR029C",-1.155582,1.211423e-05,7.607978e-05
"YMR030W",0.9314057,6.66557e-06,4.469314e-05
"YMR052W",0.7868719,0.0001255088,0.0006017401
"YMR054W",-1.112859,2.658499e-08,3.242857e-07
"YMR055C",1.454589,3.461014e-06,2.535013e-05
"YMR068W",1.146413,4.560749e-05,0.0002462028
"YMR069W",-3.171485,1.1974e-12,3.741432e-11
"YMR076C",2.756771,4.04644e-19,3.774495e-17
"YMR080C",-1.152695,6.139211e-15,3.115281e-13
"YMR081C",-2.107557,1.491391e-08,1.965645e-07
"YMR083W",-1.074323,1.866254e-05,0.0001116759
"YMR089C",0.9297508,1.276569e-09,2.09774e-08
"YMR094W",-1.140935,7.640498e-07,6.666256e-06
"YMR098C",0.8934088,9.527054e-07,8.07889e-06
"YMR100W",-0.8227061,3.834357e-05,0.0002107567
"YMR101C",1.873515,4.351612e-10,8.00066e-09
"YMR102C",-1.076578,5.034527e-06,3.520838e-05
"YMR105C",-2.087115,1.066785e-10,2.333317e-09
"YMR109W",-0.7111114,4.117615e-06,2.95119e-05
"YMR115W",0.7419005,3.797516e-05,0.0002092758
"YMR117C",1.578229,1.135115e-07,1.204019e-06
"YMR119W",-1.787789,1.912574e-13,7.099909e-12
"YMR120C",-2.255173,1.462885e-05,8.948004e-05
"YMR124W",0.8238006,3.367334e-06,2.474971e-05
"YMR127C",2.324019,1.855478e-12,5.499672e-11
"YMR128W",1.241099,1.377546e-06,1.130372e-05
"YMR137C",0.9459853,9.602783e-05,0.0004736427
"YMR139W",-1.10189,2.199175e-06,1.713681e-05
"YMR144W",1.169052,8.180625e-05,0.0004105198
"YMR150C",-2.752458,2.712202e-09,4.099107e-08
"YMR154C",-1.411338,2.275252e-09,3.545927e-08
"YMR169C",1.797919,2.491726e-05,0.0001434212
"YMR170C",2.88404,5.71535e-10,1.0299e-08
"YMR176W",0.8524454,2.210201e-08,2.781609e-07
"YMR177W",1.298502,3.599824e-08,4.283993e-07
"YMR178W",-1.743479,1.107636e-07,1.17684e-06
"YMR182C",-1.806669,3.927463e-06,2.833872e-05
"YMR183C",1.133645,7.970164e-10,1.370047e-08
"YMR184W",1.215455,1.880271e-07,1.893105e-06
"YMR185W",1.501075,4.003572e-14,1.77585e-12
"YMR186W",1.351091,6.285069e-17,4.286687e-15
"YMR187C",-2.046105,8.322076e-08,9.101195e-07
"YMR190C",1.499611,5.492814e-14,2.386364e-12
"YMR198W",1.145719,6.972225e-05,0.0003580957
"YMR206W",-1.919179,1.144955e-07,1.212429e-06
"YMR207C",0.930294,9.108337e-07,7.754924e-06
"YMR216C",0.7011312,6.39206e-05,0.0003307083
"YMR219W",0.7497041,3.58484e-07,3.419344e-06
"YMR220W",-1.270663,6.662248e-06,4.469314e-05
"YMR221C",-1.385737,8.318776e-07,7.169835e-06
"YMR224C",1.280717,4.549928e-07,4.2317e-06
"YMR227C",1.018794,6.184967e-08,7.043312e-07
"YMR229C",1.085785,8.78152e-06,5.701247e-05
"YMR230W-A",1.308065,0.0001912472,0.0008746078
"YMR232W",1.04203,6.561765e-05,0.0003386597
"YMR233W",0.9482139,2.845078e-05,0.000161128
"YMR237W",-1.087034,3.766464e-05,0.000207745
"YMR239C",0.9924929,7.830431e-05,0.0003945069
"YMR243C",-0.994544,0.0001536144,0.0007196277
"YMR253C",-1.153419,2.196326e-06,1.713567e-05
"YMR257C",0.8166742,7.250937e-05,0.0003709088
"YMR258C",-2.053625,1.138347e-12,3.574523e-11
"YMR261C",-2.172161,1.923506e-16,1.22008e-14
"YMR262W",-1.776427,8.8303e-13,2.80189e-11
"YMR264W",-1.063722,4.778319e-06,3.378916e-05
"YMR271C",-1.916932,1.362704e-05,8.424591e-05
"YMR272C",-1.789657,2.044125e-08,2.593177e-07
"YMR273C",0.9194147,1.430314e-06,1.170643e-05
"YMR275C",-0.7742719,3.092959e-06,2.294578e-05
"YMR277W",1.663794,8.443322e-11,1.866062e-09
"YMR285C",-0.8052851,1.837037e-06,1.458363e-05
"YMR287C",0.9710636,2.112028e-10,4.199559e-09
"YMR288W",1.017712,1.750731e-07,1.776782e-06
"YMR290C",1.209578,1.834052e-06,1.457818e-05
"YMR295C",2.175865,4.131057e-29,1.091804e-26
"YMR297W",-1.05885,0.0001418977,0.0006706836
"YMR300C",-2.335356,1.294092e-06,1.06603e-05
"YMR303C",-2.137173,5.073356e-09,7.297119e-08
"YMR313C",-0.9708888,4.820372e-06,3.394149e-05
"YMR315W",-1.002482,1.546589e-05,9.387572e-05
"YMR319C",-3.544583,5.34979e-43,4.241715e-40
"YNCA0006C",-23.19385,2.010517e-15,1.089975e-13
"YNCB0009C",-3.836603,2.564063e-22,3.25277e-20
"YNCB0010W",-0.9149492,1.032378e-05,6.607843e-05
"YNCB0011C",-5.499039,5.578897e-29,1.415478e-26
"YNCB0013W",-4.205179,1.206973e-11,3.124829e-10
"YNCC0012C",-3.535083,5.342041e-18,4.517942e-16
"YNCD0006W",-23.66701,3.309995e-18,2.957084e-16
"YNCD0007C",-1.950682,1.126009e-06,9.447457e-06
"YNCD0008W",-1.334348,0.0001206236,0.0005820412
"YNCD0010C",1.558216,3.218796e-06,2.380212e-05
"YNCD0016C",-2.479433,6.855826e-08,7.656075e-07
"YNCD0019C",-12.97477,0.0001181916,0.0005709745
"YNCD0031C",18.81128,2.06676e-05,0.0001221757
"YNCD0032C",-3.885277,1.383864e-36,7.314874e-34
"YNCD0034C",-2.829844,2.537476e-11,6.190465e-10
"YNCE0011C",2.859273,5.08745e-07,4.67e-06
"YNCE0024W",-1.348943,1.962433e-08,2.49954e-07
"YNCE0028C",-3.234518,1.094738e-11,2.845869e-10
"YNCF0003C",-2.41619,7.785889e-12,2.110508e-10
"YNCF0011C",-22.73749,7.890691e-09,1.083347e-07
"YNCG0005W",-25.22348,2.805069e-12,8.237294e-11
"YNCG0009C",-22.2276,2.64087e-08,3.233791e-07
"YNCG0018C",-21.96376,4.179792e-08,4.937136e-07
"YNCG0024W",-3.466055,1.123015e-22,1.582951e-20
"YNCG0028W",-1.676779,1.300134e-07,1.360046e-06
"YNCG0042C",-22.52296,1.86109e-09,2.973524e-08
"YNCG0044C",2.184881,1.095104e-05,6.960163e-05
"YNCG0047C",2.083352,6.530989e-05,0.0003373458
"YNCH0004C",-1.748609,2.729464e-06,2.05862e-05
"YNCH0014W",1.420666,8.52058e-05,0.0004272414
"YNCI0001W",1.467291,1.810028e-14,8.319569e-13
"YNCI0006W",-11.11842,0.0001363847,0.0006475213
"YNCI0010C",20.65533,1.504496e-07,1.549191e-06
"YNCI0013W",4.202426,4.00099e-12,1.143166e-10
"YNCJ0003C",1.344215,0.0001516201,0.000711336
"YNCJ0008W",-5.188108,8.375453e-21,8.854249e-19
"YNCJ0015W",-23.19127,9.512485e-10,1.592024e-08
"YNCJ0016C",-16.59243,5.756693e-06,3.951808e-05
"YNCJ0018W",-18.33775,3.249179e-05,0.0001823854
"YNCJ0019C",21.22202,3.757144e-11,8.959234e-10
"YNCJ0024W",22.27878,3.505145e-09,5.194657e-08
"YNCK0003W",-2.005492,5.046426e-07,4.65254e-06
"YNCK0004W",18.96399,3.671145e-06,2.673487e-05
"YNCK0009W",2.317916,1.814661e-06,1.444215e-05
"YNCK0020C",-1.742995,8.733199e-12,2.337328e-10
"YNCL0032C",-19.30124,7.650261e-06,5.044242e-05
"YNCL0041C",-1.381838,0.0002020942,0.0009162856
"YNCM0011W",-2.149787,7.525705e-07,6.584213e-06
"YNCM0012W",1.485953,1.305527e-05,8.110635e-05
"YNCM0014W",1.382374,1.824327e-05,0.0001094769
"YNCM0017W",1.296769,5.564006e-06,3.840315e-05
"YNCM0030W",-2.038858,3.0239e-10,5.742694e-09
"YNCM0031W",-1.840053,2.726056e-08,3.299881e-07
"YNCM0032C",-3.095179,2.539389e-09,3.880631e-08
"YNCM0034C",-2.311894,1.175394e-14,5.605657e-13
"YNCN0001W",-1.714231,2.143854e-07,2.121445e-06
"YNCN0010C",-21.4916,3.308059e-08,3.966544e-07
"YNCN0018W",-2.128849,7.197493e-09,9.924717e-08
"YNCO0022C",-1.617894,2.050824e-06,1.611942e-05
"YNCO0024C",-1.914212,2.591614e-07,2.513548e-06
"YNCO0026W",-1.847797,1.103022e-07,1.173904e-06
"YNCP0003W",2.400306,4.503845e-06,3.202678e-05
"YNCP0007C",20.4634,6.314548e-06,4.283763e-05
"YNCP0025W",-1.233339,1.454915e-06,1.189243e-05
"YNCP0026W",-3.343004,9.687696e-27,1.920283e-24
"YNL004W",-0.8587325,0.0001293767,0.0006179491
"YNL005C",-2.744649,2.804906e-39,1.779152e-36
"YNL007C",-1.333097,1.55753e-05,9.426922e-05
"YNL029C",-1.217695,9.279595e-08,1.001028e-06
"YNL039W",1.393681,7.685637e-18,6.331168e-16
"YNL045W",-1.265045,4.198877e-10,7.764861e-09
"YNL054W",0.8407489,2.095763e-05,0.0001235448
"YNL058C",1.254834,1.478457e-07,1.524854e-06
"YNL059C",0.8234826,3.54718e-06,2.595128e-05
"YNL061W",1.132124,0.0001514053,0.0007108538
"YNL066W",-1.59091,9.333597e-06,6.016566e-05
"YNL068C",1.126968,1.862668e-08,2.396532e-07
"YNL079C",0.9628259,5.330161e-08,6.147129e-07
"YNL087W",1.858366,1.380666e-30,3.980712e-28
"YNL088W",1.81231,4.478183e-27,9.302486e-25
"YNL091W",1.13792,8.788401e-12,2.34222e-10
"YNL101W",-1.613639,2.056842e-08,2.604101e-07
"YNL103W",1.014519,5.364254e-07,4.876837e-06
"YNL107W",-1.47474,0.0002083877,0.0009401159
"YNL111C",-2.10454,6.864888e-05,0.0003528686
"YNL116W",-2.095998,2.638503e-10,5.086937e-09
"YNL122C",-2.216133,5.232187e-07,4.782098e-06
"YNL123W",0.7166758,1.229838e-05,7.700752e-05
"YNL130C",-0.9659742,0.0001881002,0.0008639536
"YNL133C",1.571049,4.230219e-17,2.981364e-15
"YNL136W",0.7525963,4.392732e-05,0.0002381462
"YNL143C",1.697198,0.0001828335,0.0008428146
"YNL149C",0.9239459,0.0001314521,0.000626447
"YNL151C",0.959878,0.0001512326,0.0007105691
"YNL159C",-1.365647,1.84609e-06,1.463719e-05
"YNL167C",0.5796533,0.0001916024,0.0008749706
"YNL172W",-0.8720114,2.358108e-06,1.810833e-05
"YNL181W",0.7820591,0.0001027539,0.0005048553
"YNL184C",-2.128644,7.777861e-06,5.12305e-05
"YNL186W",1.218092,6.94762e-09,9.725785e-08
"YNL192W",0.7755464,3.073933e-06,2.283133e-05
"YNL193W",-6.882393,1.69909e-94,5.388664e-91
"YNL206C",0.9505747,1.716782e-05,0.0001032185
"YNL214W",-1.467614,1.410281e-05,8.676443e-05
"YNL220W",-1.292871,8.423757e-06,5.508442e-05
"YNL222W",-1.428641,5.366597e-07,4.876837e-06
"YNL223W",-0.9358815,9.768135e-05,0.0004810503
"YNL225C",1.145314,2.126626e-08,2.687089e-07
"YNL227C",1.967236,5.052468e-26,9.156516e-24
"YNL230C",1.002193,1.594504e-06,1.289581e-05
"YNL231C",-1.59026,1.084653e-05,6.900656e-05
"YNL232W",1.545838,7.299313e-11,1.647671e-09
"YNL234W",-1.353298,1.412836e-06,1.157832e-05
"YNL238W",-1.24124,6.041029e-07,5.404548e-06
"YNL245C",1.30119,7.050108e-09,9.785304e-08
"YNL251C",-1.05516,1.522748e-05,9.278378e-05
"YNL254C",0.7647544,3.159273e-05,0.0001779686
"YNL258C",0.7298288,1.163438e-05,7.335676e-05
"YNL259C",-1.85306,2.012317e-05,0.0001194025
"YNL262W",1.364348,2.308463e-09,3.580093e-08
"YNL267W",0.6093024,3.384572e-06,2.484762e-05
"YNL268W",-0.7454088,4.067972e-05,0.0002222493
"YNL270C",1.8898,1.511023e-06,1.230349e-05
"YNL273W",1.029792,6.271243e-08,7.103302e-07
"YNL280C",-1.714183,1.785272e-12,5.316423e-11
"YNL284C-B",-1.865147,4.839296e-06,3.403066e-05
"YNL286W",-1.086824,6.828234e-05,0.0003515543
"YNL287W",-0.8500115,4.913272e-05,0.0002632169
"YNL297C",-0.57694,0.0001274344,0.0006091308
"YNL299W",1.374641,1.992263e-06,1.569804e-05
"YNL301C",-1.365614,3.763288e-06,2.734311e-05
"YNL304W",1.20929,1.430028e-05,8.7809e-05
"YNL312W",1.206799,8.812352e-05,0.0004394398
"YNL318C",-3.385349,7.3148e-14,3.121395e-12
"YNL336W",-2.574067,9.744644e-52,1.236205e-48
"YNR002C",-1.340512,0.0001873415,0.0008617167
"YNR012W",0.9328713,2.772716e-05,0.0001574515
"YNR013C",-1.235848,1.171195e-06,9.76201e-06
"YNR014W",-1.331481,0.0001555406,0.0007270407
"YNR019W",-1.166239,5.959653e-05,0.0003116058
"YNR022C",1.522734,1.356313e-20,1.387596e-18
"YNR024W",0.9216525,4.408054e-06,3.148681e-05
"YNR038W",2.752829,2.36939e-23,3.444855e-21
"YNR051C",1.038178,5.246122e-07,4.787936e-06
"YNR060W",-1.737742,1.614519e-06,1.302913e-05
"YNR061C",-1.514418,0.0001266341,0.000606219
"YNR066C",-1.039575,1.47905e-05,9.029467e-05
"YNR067C",-1.444119,0.0001367024,0.0006485438
"YNR070W",-2.009922,1.403284e-10,2.976932e-09
"YNR074C",-1.968994,2.398958e-08,2.997215e-07
"YNR075W",-4.557237,7.486299e-35,2.499242e-32
"YNR077C",-1.550452,5.803717e-07,5.244014e-06
"YOL004W",0.7408575,2.151732e-05,0.0001264915
"YOL006C",1.10301,3.668306e-07,3.483243e-06
"YOL012C",1.637172,1.872651e-13,7.070373e-12
"YOL022C",1.207818,4.60287e-10,8.413833e-09
"YOL027C",1.379045,1.406604e-13,5.517807e-12
"YOL030W",-1.755616,2.320319e-08,2.908653e-07
"YOL034W",0.9101688,4.624804e-07,4.295041e-06
"YOL042W",-1.189956,5.699713e-05,0.0003002764
"YOL045W",0.7759505,4.910976e-05,0.0002632169
"YOL049W",-1.687999,9.435392e-11,2.074584e-09
"YOL054W",1.027717,1.875499e-05,0.0001120178
"YOL058W",2.228526,2.127818e-07,2.108867e-06
"YOL059W",-1.592956,0.0001126969,0.0005473479
"YOL060C",-1.779745,2.192005e-09,3.433059e-08
"YOL070C",1.14112,4.960411e-09,7.150884e-08
"YOL071W",1.259423,3.72418e-06,2.708999e-05
"YOL077W-A",1.172356,1.028691e-05,6.590895e-05
"YOL078W",0.8001456,5.731002e-09,8.150616e-08
"YOL086W-A",-1.789797,2.540915e-06,1.939473e-05
"YOL089C",0.8740655,2.310238e-06,1.776223e-05
"YOL091W",1.464501,2.376935e-06,1.823083e-05
"YOL096C",-3.20156,2.205444e-16,1.371483e-14
"YOL100W",1.016215,1.223433e-06,1.015738e-05
"YOL105C",-2.101445,2.101493e-13,7.617013e-12
"YOL112W",1.3873,8.81329e-14,3.677809e-12
"YOL113W",-0.7855715,6.188651e-05,0.0003209699
"YOL115W",0.649725,2.554969e-05,0.0001463972
"YOL119C",-1.623002,6.286356e-08,7.107728e-07
"YOL122C",-1.295142,1.855085e-06,1.469014e-05
"YOL126C",-1.373289,6.520556e-06,4.414075e-05
"YOL129W",-1.36781,1.599971e-05,9.66535e-05
"YOL136C",-1.953878,2.027653e-07,2.025418e-06
"YOL140W",1.236608,0.0001640427,0.0007622876
"YOL144W",1.148719,5.90971e-06,4.043721e-05
"YOL145C",0.7460244,1.839491e-05,0.0001102825
"YOL148C",0.8712147,1.890824e-08,2.427833e-07
"YOL153C",-2.967088,2.02465e-13,7.466486e-12
"YOL154W",-5.985884,1.313282e-12,4.063487e-11
"YOL158C",-1.83472,4.365379e-12,1.241686e-10
"YOL159C-A",-1.80487,4.307587e-07,4.029945e-06
"YOR002W",-1.036311,9.002041e-07,7.674724e-06
"YOR003W",1.225291,1.14229e-05,7.216678e-05
"YOR004W",1.457692,6.512005e-08,7.310734e-07
"YOR009W",-1.477404,3.758264e-05,0.0002074732
"YOR011W",-1.418641,1.369574e-06,1.125286e-05
"YOR015W",-1.183546,1.302226e-11,3.344138e-10
"YOR017W",1.852518,1.738936e-34,5.515035e-32
"YOR020C",1.310033,0.0001337112,0.0006353034
"YOR027W",0.8778937,1.938128e-05,0.0001153241
"YOR031W",-1.509378,3.517175e-05,0.0001950126
"YOR032C",-1.352562,2.968635e-06,2.212697e-05
"YOR034C",-0.7892009,9.103934e-05,0.0004518486
"YOR035C",-1.024925,7.54205e-05,0.0003830202
"YOR043W",-0.6198724,8.019164e-05,0.0004030551
"YOR044W",-1.414704,1.342115e-07,1.40017e-06
"YOR049C",-1.227296,5.127309e-06,3.566066e-05
"YOR056C",1.340577,2.126153e-10,4.214434e-09
"YOR057W",0.8994622,1.984891e-07,1.98583e-06
"YOR059C",-0.745019,0.0001890468,0.000866917
"YOR064C",1.701947,3.424486e-13,1.206751e-11
"YOR072W-B",-2.023764,1.802853e-07,1.826757e-06
"YOR073W",2.429983,1.687793e-20,1.699312e-18
"YOR078W",1.694532,1.054861e-11,2.76487e-10
"YOR084W",1.293626,7.554058e-07,6.599916e-06
"YOR091W",1.568038,8.298868e-10,1.41886e-08
"YOR098C",1.08344,1.25991e-10,2.699868e-09
"YOR104W",1.297264,6.234919e-10,1.117178e-08
"YOR109W",-1.409905,2.463055e-17,1.816646e-15
"YOR110W",1.253349,8.521722e-10,1.453045e-08
"YOR119C",1.459775,1.554225e-07,1.590073e-06
"YOR123C",1.109565,6.384827e-09,9.019812e-08
"YOR127W",0.8806935,1.808802e-08,2.336707e-07
"YOR128C",-1.483454,0.0002076875,0.0009377269
"YOR136W",-1.837298,2.539787e-10,4.926565e-09
"YOR145C",1.271121,2.708911e-08,3.29169e-07
"YOR147W",-1.264413,5.900836e-06,4.042009e-05
"YOR160W",-1.025516,8.5293e-05,0.0004273408
"YOR161C",-1.269465,2.430147e-05,0.0001405143
"YOR174W",1.227816,1.57509e-06,1.277595e-05
"YOR176W",-2.200914,2.01553e-10,4.058573e-09
"YOR179C",1.047325,1.238542e-06,1.025596e-05
"YOR188W",2.123694,4.546383e-27,9.302486e-25
"YOR192C-B",-1.175162,8.493202e-06,5.548134e-05
"YOR194C",0.6083342,0.0002206249,0.000990392
"YOR195W",1.001484,1.370708e-05,8.457591e-05
"YOR198C",0.7588271,7.491843e-06,4.944928e-05
"YOR205C",1.061682,4.352217e-07,4.053761e-06
"YOR206W",1.050917,0.0001071068,0.0005234042
"YOR210W",1.350034,5.073315e-08,5.883005e-07
"YOR216C",1.305597,7.879008e-11,1.759738e-09
"YOR219C",-2.965034,8.409533e-25,1.481713e-22
"YOR227W",-0.9371598,1.831587e-07,1.852911e-06
"YOR239W",1.543777,2.413834e-16,1.472207e-14
"YOR242C",2.141089,2.779485e-11,6.754893e-10
"YOR244W",0.984731,2.309031e-05,0.0001341226
"YOR258W",-1.904442,3.520991e-10,6.607587e-09
"YOR261C",-0.8349838,0.00018046,0.0008330845
"YOR270C",-0.9638091,2.566809e-05,0.0001468104
"YOR289W",-1.289223,9.305534e-05,0.0004611328
"YOR290C",1.262241,8.042368e-15,3.953575e-13
"YOR292C",-1.311015,7.096073e-07,6.234126e-06
"YOR294W",1.123639,7.621133e-05,0.000386109
"YOR296W",-1.139785,9.803799e-08,1.052208e-06
"YOR298W",1.406997,1.799806e-06,1.439618e-05
"YOR303W",1.484416,6.961227e-09,9.725785e-08
"YOR304W",0.6957693,2.277624e-06,1.757538e-05
"YOR305W",1.091897,2.45116e-07,2.391955e-06
"YOR306C",1.178367,4.315629e-06,3.086137e-05
"YOR308C",1.160477,5.673334e-08,6.507406e-07
"YOR310C",1.507798,1.564118e-07,1.597617e-06
"YOR316C",-1.137421,6.675552e-05,0.0003442523
"YOR317W",-1.088456,8.858527e-05,0.0004410489
"YOR326W",1.429264,1.38862e-15,7.659145e-14
"YOR330C",0.9946069,5.048502e-12,1.423229e-10
"YOR344C",-2.055244,2.248695e-16,1.384803e-14
"YOR346W",1.102045,1.051255e-06,8.855394e-06
"YOR347C",-1.64801,4.826448e-09,6.989534e-08
"YOR353C",-1.103892,2.224087e-06,1.730968e-05
"YOR355W",1.924549,1.94997e-16,1.22462e-14
"YOR357C",-1.312367,0.0002007966,0.0009130128
"YOR360C",-1.099437,3.561445e-07,3.402146e-06
"YOR361C",0.5799369,5.445887e-05,0.0002876208
"YOR372C",0.7905775,9.457451e-05,0.0004678038
"YOR373W",0.9362332,0.0001235462,0.0005945779
"YOR374W",-1.376677,8.653158e-07,7.427197e-06
"YOR375C",-1.546558,3.211417e-05,0.0001804253
"YOR376W-A",-2.37675,7.357917e-06,4.86666e-05
"YOR390W",-1.152183,2.601496e-06,1.978572e-05
"YPL003W",-1.323449,2.055795e-10,4.113537e-09
"YPL004C",-1.229918,2.967096e-06,2.212697e-05
"YPL014W",-2.329651,8.536462e-09,1.164447e-07
"YPL018W",-2.124708,2.677635e-08,3.259931e-07
"YPL019C",-1.372728,3.572633e-10,6.684722e-09
"YPL032C",1.387526,1.777578e-10,3.648925e-09
"YPL061W",-1.315187,0.0001912244,0.0008746078
"YPL063W",0.9269621,4.666772e-10,8.506131e-09
"YPL072W",1.124083,5.27181e-06,3.646575e-05
"YPL081W",-1.740273,5.044106e-08,5.859847e-07
"YPL082C",0.7870983,8.829849e-06,5.720913e-05
"YPL085W",1.051141,6.372141e-10,1.138549e-08
"YPL105C",0.8639411,8.611297e-07,7.401281e-06
"YPL106C",1.162948,3.626127e-12,1.045478e-10
"YPL109C",-1.094029,5.29987e-07,4.83004e-06
"YPL110C",0.9418136,1.457686e-09,2.3587e-08
"YPL111W",-1.468136,3.810244e-06,2.7621e-05
"YPL113C",-1.381325,5.963889e-05,0.0003116058
"YPL116W",1.367452,3.206463e-08,3.859316e-07
"YPL121C",1.817047,0.0001043177,0.0005117455
"YPL125W",-0.9255057,1.120503e-05,7.100253e-05
"YPL127C",1.288898,2.888646e-08,3.490035e-07
"YPL130W",2.007689,1.528074e-05,9.292978e-05
"YPL137C",-0.8702534,6.919641e-07,6.10449e-06
"YPL138C",0.9635476,2.796003e-05,0.0001586319
"YPL141C",0.9416536,5.995474e-07,5.378966e-06
"YPL145C",1.192794,9.901031e-09,1.339067e-07
"YPL152W",-1.420214,2.756742e-06,2.07426e-05
"YPL159C",1.122288,5.748973e-06,3.950784e-05
"YPL161C",1.115753,4.667024e-08,5.461796e-07
"YPL164C",0.972451,4.078411e-06,2.933034e-05
"YPL165C",-2.308308,2.761219e-05,0.0001569392
"YPL181W",0.8409733,7.575906e-05,0.0003841245
"YPL190C",1.050591,6.889032e-06,4.594861e-05
"YPL192C",-6.032682,1.268575e-50,1.341095e-47
"YPL193W",1.078016,4.849605e-07,4.483152e-06
"YPL204W",-1.679261,5.425717e-12,1.522802e-10
"YPL215W",-1.349517,0.000207017,0.0009359293
"YPL217C",1.077037,5.065044e-06,3.526627e-05
"YPL221W",-1.067849,1.516535e-06,1.233254e-05
"YPL224C",-1.085349,1.441261e-07,1.49134e-06
"YPL234C",1.642521,5.138807e-07,4.703529e-06
"YPL236C",-1.370329,0.0001996174,0.0009083021
"YPL237W",0.9334746,4.911295e-06,3.446055e-05
"YPL242C",0.7953949,3.557062e-08,4.241061e-07
"YPL250C",-1.754412,5.066988e-05,0.0002703104
"YPL253C",1.085935,6.06802e-07,5.42105e-06
"YPL256C",2.274168,2.094456e-17,1.581564e-15
"YPL257W",-2.390973,1.810581e-10,3.69277e-09
"YPL260W",0.6359417,3.699972e-05,0.0002046113
"YPL264C",-1.260651,0.0001262144,0.000604666
"YPL265W",-1.997062,5.533363e-21,6.0514e-19
"YPL273W",-1.344508,1.131506e-05,7.162818e-05
"YPL274W",-2.45233,1.9742e-11,4.937127e-10
"YPL283C",-10.77749,1.756638e-06,1.408642e-05
"YPR003C",-1.391647,9.710458e-15,4.666169e-13
"YPR013C",-1.333505,8.726741e-10,1.480046e-08
"YPR018W",1.474529,5.086835e-07,4.67e-06
"YPR019W",-0.706255,0.000209869,0.0009461257
"YPR028W",-1.287466,6.659835e-06,4.469314e-05
"YPR035W",-1.794131,5.227635e-09,7.468219e-08
"YPR036W",-0.9908895,0.000178928,0.0008272158
"YPR042C",-1.148679,3.786842e-10,7.064689e-09
"YPR049C",0.9663669,3.805458e-05,0.0002095314
"YPR051W",-1.566697,5.061593e-06,3.526627e-05
"YPR055W",-0.7433321,3.969098e-05,0.0002177853
"YPR056W",-0.8703877,9.261029e-05,0.0004592862
"YPR057W",1.320685,2.204254e-12,6.503062e-11
"YPR066W",-1.653903,7.534721e-10,1.312987e-08
"YPR071W",-2.788912,4.241992e-10,7.821789e-09
"YPR073C",-1.365499,3.51635e-05,0.0001950126
"YPR084W",0.8875858,2.565589e-06,1.953605e-05
"YPR100W",1.105877,5.922239e-08,6.768426e-07
"YPR104C",1.557457,4.35959e-13,1.511086e-11
"YPR109W",-1.467379,4.821153e-06,3.394149e-05
"YPR114W",1.208865,6.950289e-07,6.123012e-06
"YPR122W",0.9980097,0.000105107,0.000515219
"YPR125W",0.8292484,4.47257e-05,0.0002422674
"YPR129W",0.6773754,0.0001985923,0.0009049361
"YPR131C",-1.766913,1.615493e-07,1.644795e-06
"YPR138C",-1.200887,1.655951e-05,9.984502e-05
"YPR141C",1.674251,1.914054e-13,7.099909e-12
"YPR143W",0.991273,2.749232e-06,2.071067e-05
"YPR145W",-2.075323,3.417465e-19,3.235371e-17
"YPR149W",-1.350545,7.9462e-07,6.913957e-06
"YPR155C",-1.52569,8.17141e-07,7.090458e-06
"YPR156C",-3.010072,9.914994e-17,6.620085e-15
"YPR160W",-1.309765,3.646193e-07,3.472643e-06
"YPR165W",0.7142551,6.077903e-05,0.0003164643
"YPR181C",-1.725373,4.708359e-09,6.881364e-08
"YPR184W",-1.683046,8.398413e-06,5.497537e-05
"YPR188C",1.084453,6.227499e-08,7.079036e-07
"YPR194C",-1.911195,1.715919e-06,1.377731e-05
"YPR196W",-2.39396,4.061103e-16,2.385146e-14
"YPR198W",-2.295982,2.38962e-23,3.444855e-21
"YPR199C",-1.031372,3.169736e-05,0.0001783996
"YPR200C",-2.453079,3.259234e-05,0.000182788
